Workbook

Sheet data
A1: type | B1: name | C1: site | D1: longitude | E1: latitude | F1: poskey.benthos | G1: poskey.sediment | H1: picture | I1: seagrass.heatwave | J1: sample | K1: seagrass.cover | L1: algae.cover | M1: habitat | N1: seagrassA | O1: seagrassB | P1: seagrass.cover.Laurent | Q1: spectral camera | R1: remark
A2: grid | B2: RG 25 | C2: rewilded | D2: -8.6904504 | E2: 40.672106 | F2: 2025001 | H2: P7150059 | I2: algae | J2: sample | K2: =VLOOKUP(data!H2,cover!$A:$D,3,FALSE) -> + | L2: =VLOOKUP(data!H2,cover!$A:$D,4,FALSE) -> 4 | M2: algae | N2: =VLOOKUP($F2,'seagrass biomass'!$G:$L,2,FALSE) -> 0 | O2: =VLOOKUP($F2,'seagrass biomass'!$G:$L,3,FALSE) -> 0
A3: random | B3: RR 47 | C3: rewilded | D3: -8.6905032 | E3: 40.67236 | F3: 2025002 | H3: P7150061 | I3: no | J3: sample | K3: =VLOOKUP(data!H3,cover!$A:$D,3,FALSE) -> 1 | L3: =VLOOKUP(data!H3,cover!$A:$D,4,FALSE) -> 2 | M3: seagrass | N3: =VLOOKUP($F3,'seagrass biomass'!$G:$L,2,FALSE) -> 0 | O3: =VLOOKUP($F3,'seagrass biomass'!$G:$L,3,FALSE) -> 0
A4: grid | B4: RG 17 | C4: rewilded | D4: -8.6909023 | E4: 40.672397 | F4: 2025003 | H4: P7150062 | I4: no | J4: sample | K4: =VLOOKUP(data!H4,cover!$A:$D,3,FALSE) -> 4 | L4: =VLOOKUP(data!H4,cover!$A:$D,4,FALSE) -> 2 | M4: seagrass | N4: =VLOOKUP($F4,'seagrass biomass'!$G:$L,2,FALSE) -> 315 | O4: =VLOOKUP($F4,'seagrass biomass'!$G:$L,3,FALSE) -> 250
A5: grid | B5: RG 9 | C5: rewilded | D5: -8.6913541 | E5: 40.672687 | F5: 2025004 | H5: P7150063 | I5: no | J5: sample | K5: =VLOOKUP(data!H5,cover!$A:$D,3,FALSE) -> 2 | L5: =VLOOKUP(data!H5,cover!$A:$D,4,FALSE) -> 4 | M5: seagrass | N5: =VLOOKUP($F5,'seagrass biomass'!$G:$L,2,FALSE) -> 42 | O5: =VLOOKUP($F5,'seagrass biomass'!$G:$L,3,FALSE) -> 141
A6: grid | B6: RG 1 | C6: rewilded | D6: -8.691806 | E6: 40.672978 | F6: 2025005 | H6: P7150065 | I6: yes | J6: sample | K6: =VLOOKUP(data!H6,cover!$A:$D,3,FALSE) -> 5 | L6: =VLOOKUP(data!H6,cover!$A:$D,4,FALSE) -> 0 | M6: seagrass | N6: =VLOOKUP($F6,'seagrass biomass'!$G:$L,2,FALSE) -> 2222 | O6: =VLOOKUP($F6,'seagrass biomass'!$G:$L,3,FALSE) -> 939
A7: grid | B7: RG 2 | C7: rewilded | D7: -8.6914241 | E7: 40.673322 | F7: 2025006 | H7: P7150066 | I7: bare | J7: sample | K7: =VLOOKUP(data!H7,cover!$A:$D,3,FALSE) -> 0 | L7: =VLOOKUP(data!H7,cover!$A:$D,4,FALSE) -> 0 | M7: bare | N7: =VLOOKUP($F7,'seagrass biomass'!$G:$L,2,FALSE) -> 17 | O7: =VLOOKUP($F7,'seagrass biomass'!$G:$L,3,FALSE) -> 0
A8: grid | B8: RG 10 | C8: rewilded | D8: -8.6909723 | E8: 40.673031 | F8: 2025007 | H8: P7150067 | I8: algae | J8: sample | K8: =VLOOKUP(data!H8,cover!$A:$D,3,FALSE) -> 0 | L8: =VLOOKUP(data!H8,cover!$A:$D,4,FALSE) -> 5 | M8: algae | N8: =VLOOKUP($F8,'seagrass biomass'!$G:$L,2,FALSE) -> 0 | O8: =VLOOKUP($F8,'seagrass biomass'!$G:$L,3,FALSE) -> 0
A9: random | B9: RR 41 | C9: rewilded | D9: -8.6906446 | E9: 40.672994 | F9: 2025008 | H9: P7150068 | I9: yes | J9: sample | K9: =VLOOKUP(data!H9,cover!$A:$D,3,FALSE) -> 5 | L9: =VLOOKUP(data!H9,cover!$A:$D,4,FALSE) -> 0 | M9: seagrass | N9: =VLOOKUP($F9,'seagrass biomass'!$G:$L,2,FALSE) -> 2418 | O9: =VLOOKUP($F9,'seagrass biomass'!$G:$L,3,FALSE) -> 1706
A10: random | B10: RR 40 | C10: rewilded | D10: -8.6908498 | E10: 40.672778 | F10: 2025009 | H10: P7150069 | I10: yes | J10: sample | K10: =VLOOKUP(data!H10,cover!$A:$D,3,FALSE) -> 5 | L10: =VLOOKUP(data!H10,cover!$A:$D,4,FALSE) -> 0 | M10: seagrass | N10: =VLOOKUP($F10,'seagrass biomass'!$G:$L,2,FALSE) -> 1377 | O10: =VLOOKUP($F10,'seagrass biomass'!$G:$L,3,FALSE) -> 1864
A11: grid | B11: RG 18 | C11: rewilded | D11: -8.6905204 | E11: 40.672741 | F11: 2025010 | H11: P7150070 | I11: yes | J11: sample | K11: =VLOOKUP(data!H11,cover!$A:$D,3,FALSE) -> 5 | L11: =VLOOKUP(data!H11,cover!$A:$D,4,FALSE) -> 0 | M11: seagrass | N11: =VLOOKUP($F11,'seagrass biomass'!$G:$L,2,FALSE) -> 2797 | O11: =VLOOKUP($F11,'seagrass biomass'!$G:$L,3,FALSE) -> 1048
A12: random | B12: RR 48 | C12: rewilded | D12: -8.6902337 | E12: 40.672737 | F12: 2025011 | H12: P7150071 | I12: yes | J12: sample | K12: =VLOOKUP(data!H12,cover!$A:$D,3,FALSE) -> 5 | L12: =VLOOKUP(data!H12,cover!$A:$D,4,FALSE) -> 0 | M12: seagrass | N12: =VLOOKUP($F12,'seagrass biomass'!$G:$L,2,FALSE) -> 3628 | O12: =VLOOKUP($F12,'seagrass biomass'!$G:$L,3,FALSE) -> 977
A13: random | B13: RR 49 | C13: rewilded | D13: -8.6897936 | E13: 40.67296 | F13: 2025012 | H13: P7150072 | I13: bare | J13: sample | K13: =VLOOKUP(data!H13,cover!$A:$D,3,FALSE) -> 0 | L13: =VLOOKUP(data!H13,cover!$A:$D,4,FALSE) -> 0 | M13: bare | N13: =VLOOKUP($F13,'seagrass biomass'!$G:$L,2,FALSE) -> 0 | O13: =VLOOKUP($F13,'seagrass biomass'!$G:$L,3,FALSE) -> 0
... A16: random | B16: RR 34 | C16: rewilded | D16: -8.6906575 | E16: 40.67332 | F16: 2025015 | H16: P7150075 | I16: algae | J16: sample | K16: =VLOOKUP(data!H16,cover!$A:$D,3,FALSE) -> + | L16: =VLOOKUP(data!H16,cover!$A:$D,4,FALSE) -> 4 | M16: algae | N16: =VLOOKUP($F16,'seagrass biomass'!$G:$L,2,FALSE) -> 31 | O16: =VLOOKUP($F16,'seagrass biomass'!$G:$L,3,FALSE) -> 189
A17: grid | B17: RG 3 | C17: rewilded | D17: -8.6910423 | E17: 40.673666 | F17: 2025016 | H17: P7150076 | I17: yes | J17: sample | K17: =VLOOKUP(data!H17,cover!$A:$D,3,FALSE) -> 3 | L17: =VLOOKUP(data!H17,cover!$A:$D,4,FALSE) -> 0 | M17: seagrass | N17: =VLOOKUP($F17,'seagrass biomass'!$G:$L,2,FALSE) -> 977 | O17: =VLOOKUP($F17,'seagrass biomass'!$G:$L,3,FALSE) -> 401 | R17: edge bare and seagrass
A18: grid | B18: RG 4 | C18: rewilded | D18: -8.6906604 | E18: 40.67401 | F18: 2025017 | H18: P7150077 | I18: no | J18: sample | K18: =VLOOKUP(data!H18,cover!$A:$D,3,FALSE) -> 5 | L18: =VLOOKUP(data!H18,cover!$A:$D,4,FALSE) -> + | M18: seagrass | N18: =VLOOKUP($F18,'seagrass biomass'!$G:$L,2,FALSE) -> 994 | O18: =VLOOKUP($F18,'seagrass biomass'!$G:$L,3,FALSE) -> 343
A19: random | B19: RR 35 | C19: rewilded | D19: -8.6905265 | E19: 40.673644 | F19: 2025018 | H19: P7150078 | I19: yes | J19: sample | K19: =VLOOKUP(data!H19,cover!$A:$D,3,FALSE) -> 5 | L19: =VLOOKUP(data!H19,cover!$A:$D,4,FALSE) -> 0 | M19: seagrass | N19: =VLOOKUP($F19,'seagrass biomass'!$G:$L,2,FALSE) -> 2523 | O19: =VLOOKUP($F19,'seagrass biomass'!$G:$L,3,FALSE) -> 1219
A20: grid | B20: RG 12 | C20: rewilded | D20: -8.6902085 | E20: 40.673719 | F20: 2025019 | H20: Laurent | J20: sample | N20: =VLOOKUP($F20,'seagrass biomass'!$G:$L,2,FALSE) -> 2695 | O20: =VLOOKUP($F20,'seagrass biomass'!$G:$L,3,FALSE) -> 1160 | P20: 100 | R20: info spectral cam notes Laurant
A21: grid | B21: RG 21 | C21: rewilded | D21: -8.6893748 | E21: 40.673773 | F21: 2025020 | H21: P7150079 | I21: bare | J21: sample | K21: =VLOOKUP(data!H21,cover!$A:$D,3,FALSE) -> + | L21: =VLOOKUP(data!H21,cover!$A:$D,4,FALSE) -> + | M21: bare | N21: =VLOOKUP($F21,'seagrass biomass'!$G:$L,2,FALSE) -> 0 | O21: =VLOOKUP($F21,'seagrass biomass'!$G:$L,3,FALSE) -> 0
A22: random | B22: RR 43 | C22: rewilded | D22: -8.6895451 | E22: 40.673856 | F22: 2025021 | H22: P7150080 | I22: yes | J22: sample | K22: =VLOOKUP(data!H22,cover!$A:$D,3,FALSE) -> 5 | L22: =VLOOKUP(data!H22,cover!$A:$D,4,FALSE) -> 0 | M22: seagrass | N22: =VLOOKUP($F22,'seagrass biomass'!$G:$L,2,FALSE) -> 933 | O22: =VLOOKUP($F22,'seagrass biomass'!$G:$L,3,FALSE) -> 750
A23: random | B23: RR 44 | C23: rewilded | D23: -8.6896032 | E23: 40.674076 | F23: 2025022 | H23: P7150081 | I23: algae | J23: sample | K23: =VLOOKUP(data!H23,cover!$A:$D,3,FALSE) -> + | L23: =VLOOKUP(data!H23,cover!$A:$D,4,FALSE) -> 5 | M23: algae | N23: =VLOOKUP($F23,'seagrass biomass'!$G:$L,2,FALSE) -> 85 | O23: =VLOOKUP($F23,'seagrass biomass'!$G:$L,3,FALSE) -> 719
A24: grid | B24: RG 13 | C24: rewilded | D24: -8.6898267 | E24: 40.674063 | F24: 2025023 | H24: P7150082 | I24: no | J24: sample | K24: =VLOOKUP(data!H24,cover!$A:$D,3,FALSE) -> 5 | L24: =VLOOKUP(data!H24,cover!$A:$D,4,FALSE) -> 0 | M24: seagrass | N24: =VLOOKUP($F24,'seagrass biomass'!$G:$L,2,FALSE) -> 2790 | O24: =VLOOKUP($F24,'seagrass biomass'!$G:$L,3,FALSE) -> 888 | P24: 100 | Q24: A1-A20
A25: random | B25: RR 36 | C25: rewilded | D25: -8.6902026 | E25: 40.674295 | F25: 2025024 | H25: P7150083 | I25: yes | J25: sample | K25: =VLOOKUP(data!H25,cover!$A:$D,3,FALSE) -> 5 | L25: =VLOOKUP(data!H25,cover!$A:$D,4,FALSE) -> 0 | M25: seagrass | N25: =VLOOKUP($F25,'seagrass biomass'!$G:$L,2,FALSE) -> 2113 | O25: =VLOOKUP($F25,'seagrass biomass'!$G:$L,3,FALSE) -> 675 | P25: 100 | Q25: 20-40
A26: grid | B26: RG 5 | C26: rewilded | D26: -8.6902785 | E26: 40.674354 | F26: 2025025 | H26: P7150084 | I26: yes | J26: sample | K26: =VLOOKUP(data!H26,cover!$A:$D,3,FALSE) -> 5 | L26: =VLOOKUP(data!H26,cover!$A:$D,4,FALSE) -> 0 | M26: seagrass | N26: =VLOOKUP($F26,'seagrass biomass'!$G:$L,2,FALSE) -> 2237 | O26: =VLOOKUP($F26,'seagrass biomass'!$G:$L,3,FALSE) -> 951 | P26: 100 | Q26: 41-60
A27: grid | B27: RG 6 | C27: rewilded | D27: -8.6898967 | E27: 40.674698 | F27: 2025026 | H27: P7150085 | I27: bare | J27: sample | K27: =VLOOKUP(data!H27,cover!$A:$D,3,FALSE) -> 0 | L27: =VLOOKUP(data!H27,cover!$A:$D,4,FALSE) -> 0 | M27: bare | N27: =VLOOKUP($F27,'seagrass biomass'!$G:$L,2,FALSE) -> 0 | O27: =VLOOKUP($F27,'seagrass biomass'!$G:$L,3,FALSE) -> 0 | P27: 0 | Q27: A21-A40
A28: random | B28: RR 37 | C28: rewilded | D28: -8.6895364 | E28: 40.674448 | F28: 2025027 | H28: P7150086 | I28: algae | J28: sample | K28: =VLOOKUP(data!H28,cover!$A:$D,3,FALSE) -> 1 | L28: =VLOOKUP(data!H28,cover!$A:$D,4,FALSE) -> 4 | M28: algae | N28: =VLOOKUP($F28,'seagrass biomass'!$G:$L,2,FALSE) -> 39 | O28: =VLOOKUP($F28,'seagrass biomass'!$G:$L,3,FALSE) -> 161
A29: grid | B29: RG 14 | C29: rewilded | D29: -8.6894448 | E29: 40.674407 | F29: 2025028 | H29: P7150087 | I29: yes | J29: sample | K29: =VLOOKUP(data!H29,cover!$A:$D,3,FALSE) -> 4 | L29: =VLOOKUP(data!H29,cover!$A:$D,4,FALSE) -> + | M29: seagrass | N29: =VLOOKUP($F29,'seagrass biomass'!$G:$L,2,FALSE) -> 2715 | O29: =VLOOKUP($F29,'seagrass biomass'!$G:$L,3,FALSE) -> 1696
A30: random | B30: RR 45 | C30: rewilded | D30: -8.6891629 | E30: 40.674483 | F30: 2025029 | H30: P7150088 | I30: no | J30: sample | K30: =VLOOKUP(data!H30,cover!$A:$D,3,FALSE) -> 2 | L30: =VLOOKUP(data!H30,cover!$A:$D,4,FALSE) -> 0 | M30: seagrass | N30: =VLOOKUP($F30,'seagrass biomass'!$G:$L,2,FALSE) -> 1294 | O30: =VLOOKUP($F30,'seagrass biomass'!$G:$L,3,FALSE) -> 454 | P30: 50 | Q30: A161-A180
A31: grid | B31: RG 22 | C31: rewilded | D31: -8.6889929 | E31: 40.674117 | F31: 2025030 | H31: P7150089 | I31: bare | J31: sample | K31: =VLOOKUP(data!H31,cover!$A:$D,3,FALSE) -> + | L31: =VLOOKUP(data!H31,cover!$A:$D,4,FALSE) -> 0 | M31: bare | N31: =VLOOKUP($F31,'seagrass biomass'!$G:$L,2,FALSE) -> 228 | O31: =VLOOKUP($F31,'seagrass biomass'!$G:$L,3,FALSE) -> 191 | P31: 50 | Q31: A180-A200
A32: random | B32: RR 51 | C32: rewilded | D32: -8.6890769 | E32: 40.673988 | F32: 2025031 | H32: P7150090 | I32: bare | J32: sample | K32: =VLOOKUP(data!H32,cover!$A:$D,3,FALSE) -> 0 | L32: =VLOOKUP(data!H32,cover!$A:$D,4,FALSE) -> + | M32: bare | N32: =VLOOKUP($F32,'seagrass biomass'!$G:$L,2,FALSE) -> 0 | O32: =VLOOKUP($F32,'seagrass biomass'!$G:$L,3,FALSE) -> 0
A33: random | B33: RR 52 | C33: rewilded | D33: -8.6882517 | E33: 40.674107 | F33: 2025032 | H33: P7150091 | I33: bare | J33: sample | K33: =VLOOKUP(data!H33,cover!$A:$D,3,FALSE) -> 0 | L33: =VLOOKUP(data!H33,cover!$A:$D,4,FALSE) -> 0 | M33: bare | N33: =VLOOKUP($F33,'seagrass biomass'!$G:$L,2,FALSE) -> 0 | O33: =VLOOKUP($F33,'seagrass biomass'!$G:$L,3,FALSE) -> 0
A34: grid | B34: RG 31 | C34: rewilded | D34: -8.6881592 | E34: 40.67417 | F34: 2025033 | H34: P7160092 | I34: bare | J34: sample | K34: =VLOOKUP(data!H34,cover!$A:$D,3,FALSE) -> 0 | L34: =VLOOKUP(data!H34,cover!$A:$D,4,FALSE) -> 0 | M34: bare | N34: =VLOOKUP($F34,'seagrass biomass'!$G:$L,2,FALSE) -> 0 | O34: =VLOOKUP($F34,'seagrass biomass'!$G:$L,3,FALSE) -> 0
A35: grid | B35: RG 23 | C35: rewilded | D35: -8.6886111 | E35: 40.674461 | F35: 2025034 | H35: P7160093 | I35: bare | J35: sample | K35: =VLOOKUP(data!H35,cover!$A:$D,3,FALSE) -> 0 | L35: =VLOOKUP(data!H35,cover!$A:$D,4,FALSE) -> 0 | M35: bare | N35: =VLOOKUP($F35,'seagrass biomass'!$G:$L,2,FALSE) -> 0 | O35: =VLOOKUP($F35,'seagrass biomass'!$G:$L,3,FALSE) -> 0 | P35: 0 | Q35: A141-A160
A36: random | B36: RR 46 | C36: rewilded | D36: -8.6887206 | E36: 40.674762 | F36: 2025035 | H36: P7160094 | I36: no | J36: sample | K36: =VLOOKUP(data!H36,cover!$A:$D,3,FALSE) -> 3 | L36: =VLOOKUP(data!H36,cover!$A:$D,4,FALSE) -> 0 | M36: seagrass | N36: =VLOOKUP($F36,'seagrass biomass'!$G:$L,2,FALSE) -> 209 | O36: =VLOOKUP($F36,'seagrass biomass'!$G:$L,3,FALSE) -> 248 | P36: 50 | Q36: A101-A120
A37: grid | B37: RG 16 | C37: rewilded | D37: -8.688681 | E37: 40.675095 | F37: 2025036 | H37: P7160095 | I37: yes | J37: sample | K37: =VLOOKUP(data!H37,cover!$A:$D,3,FALSE) -> 4 | L37: =VLOOKUP(data!H37,cover!$A:$D,4,FALSE) -> 0 | M37: seagrass | N37: =VLOOKUP($F37,'seagrass biomass'!$G:$L,2,FALSE) -> 645 | O37: =VLOOKUP($F37,'seagrass biomass'!$G:$L,3,FALSE) -> 607 | P37: 50 | Q37: A121-A140
A38: grid | B38: RG 15 | C38: rewilded | D38: -8.6890629 | E38: 40.674751 | F38: 2025037 | H38: P7160096 | I38: yes | J38: sample | K38: =VLOOKUP(data!H38,cover!$A:$D,3,FALSE) -> 5 | L38: =VLOOKUP(data!H38,cover!$A:$D,4,FALSE) -> 0 | M38: seagrass | N38: =VLOOKUP($F38,'seagrass biomass'!$G:$L,2,FALSE) -> 1871 | O38: =VLOOKUP($F38,'seagrass biomass'!$G:$L,3,FALSE) -> 1585
A39: random | B39: RR 38 | C39: rewilded | D39: -8.6893755 | E39: 40.674802 | F39: 2025038 | H39: P7160102 | I39: no | J39: sample | K39: =VLOOKUP(data!H39,cover!$A:$D,3,FALSE) -> 4 | L39: =VLOOKUP(data!H39,cover!$A:$D,4,FALSE) -> 0 | M39: seagrass | N39: =VLOOKUP($F39,'seagrass biomass'!$G:$L,2,FALSE) -> 1642 | O39: =VLOOKUP($F39,'seagrass biomass'!$G:$L,3,FALSE) -> 1381
A40: grid | B40: RG 7 | C40: rewilded | D40: -8.6895148 | E40: 40.675042 | F40: 2025039 | H40: P7160103 | I40: bare | J40: sample | K40: =VLOOKUP(data!H40,cover!$A:$D,3,FALSE) -> 0 | L40: =VLOOKUP(data!H40,cover!$A:$D,4,FALSE) -> 0 | M40: bare | N40: =VLOOKUP($F40,'seagrass biomass'!$G:$L,2,FALSE) -> 0 | O40: =VLOOKUP($F40,'seagrass biomass'!$G:$L,3,FALSE) -> 0 | P40: 0 | Q40: A41-A60
A41: grid | B41: RG 8 | C41: rewilded | D41: -8.6891329 | E41: 40.675386 | F41: 2025040 | H41: P7160104 | I41: bare | J41: sample | K41: =VLOOKUP(data!H41,cover!$A:$D,3,FALSE) -> 0 | L41: =VLOOKUP(data!H41,cover!$A:$D,4,FALSE) -> 0 | M41: bare | N41: =VLOOKUP($F41,'seagrass biomass'!$G:$L,2,FALSE) -> 0 | O41: =VLOOKUP($F41,'seagrass biomass'!$G:$L,3,FALSE) -> 0 | P41: 0 | Q41: A61-A50
A42: random | B42: RR 39 | C42: rewilded | D42: -8.6889637 | E42: 40.674983 | F42: 2025081 | H42: P7160112 | I42: yes | J42: sample | K42: =VLOOKUP(data!H42,cover!$A:$D,3,FALSE) -> 5 | L42: =VLOOKUP(data!H42,cover!$A:$D,4,FALSE) -> 0 | M42: seagrass | N42: =VLOOKUP($F42,'seagrass biomass'!$G:$L,2,FALSE) -> 2745 | O42: =VLOOKUP($F42,'seagrass biomass'!$G:$L,3,FALSE) -> 1244
A43: grid | B43: RG 24 | C43: rewilded | D43: -8.6882292 | E43: 40.674805 | F43: 2025082 | H43: P7160113 | I43: yes | J43: sample | K43: =VLOOKUP(data!H43,cover!$A:$D,3,FALSE) -> 2 | L43: =VLOOKUP(data!H43,cover!$A:$D,4,FALSE) -> 0 | M43: seagrass | N43: =VLOOKUP($F43,'seagrass biomass'!$G:$L,2,FALSE) -> 400 | O43: =VLOOKUP($F43,'seagrass biomass'!$G:$L,3,FALSE) -> 338
A44: grid | B44: NG 28 | C44: natural | D44: -8.6786166 | E44: 40.693745 | F44: 2025083 | H44: P7170125 | I44: yes | J44: sample | K44: =VLOOKUP(data!H44,cover!$A:$D,3,FALSE) -> 4 | L44: =VLOOKUP(data!H44,cover!$A:$D,4,FALSE) -> 0 | M44: seagrass | N44: =VLOOKUP($F44,'seagrass biomass'!$G:$L,2,FALSE) -> #N/A | O44: =VLOOKUP($F44,'seagrass biomass'!$G:$L,3,FALSE) -> #N/A
A45: random | B45: NR 53 | C45: natural | D45: -8.6785834 | E45: 40.693313 | F45: 2025084 | H45: P7170126 | I45: yes | J45: sample | K45: =VLOOKUP(data!H45,cover!$A:$D,3,FALSE) -> 5 | L45: =VLOOKUP(data!H45,cover!$A:$D,4,FALSE) -> + | M45: seagrass | N45: =VLOOKUP($F45,'seagrass biomass'!$G:$L,2,FALSE) -> 1514 | O45: =VLOOKUP($F45,'seagrass biomass'!$G:$L,3,FALSE) -> 556
A46: grid | B46: NG 27 | C46: natural | D46: -8.678821 | E46: 40.693322 | F46: 2025085 | H46: P7170127 | I46: yes | J46: sample | K46: =VLOOKUP(data!H46,cover!$A:$D,3,FALSE) -> 5 | L46: =VLOOKUP(data!H46,cover!$A:$D,4,FALSE) -> 0 | M46: seagrass | N46: =VLOOKUP($F46,'seagrass biomass'!$G:$L,2,FALSE) -> 2566 | O46: =VLOOKUP($F46,'seagrass biomass'!$G:$L,3,FALSE) -> 1512
A47: grid | B47: NG 26 | C47: natural | D47: -8.6790255 | E47: 40.692899 | F47: 2025086 | H47: P7170128 | I47: yes | J47: sample | K47: =VLOOKUP(data!H47,cover!$A:$D,3,FALSE) -> 5 | L47: =VLOOKUP(data!H47,cover!$A:$D,4,FALSE) -> 0 | M47: seagrass | N47: =VLOOKUP($F47,'seagrass biomass'!$G:$L,2,FALSE) -> 3538 | O47: =VLOOKUP($F47,'seagrass biomass'!$G:$L,3,FALSE) -> 2263
A48: random | B48: NR 51 | C48: natural | D48: -8.6787625 | E48: 40.692556 | F48: 2025087 | H48: P7170129 | I48: yes | J48: sample | K48: =VLOOKUP(data!H48,cover!$A:$D,3,FALSE) -> 5 | L48: =VLOOKUP(data!H48,cover!$A:$D,4,FALSE) -> 0 | M48: seagrass | N48: =VLOOKUP($F48,'seagrass biomass'!$G:$L,2,FALSE) -> 1780 | O48: =VLOOKUP($F48,'seagrass biomass'!$G:$L,3,FALSE) -> 1728
A49: random | B49: NR 48 | C49: natural | D49: -8.6793082 | E49: 40.69293 | F49: 2025088 | H49: P7170152 | I49: yes | J49: sample | K49: =VLOOKUP(data!H49,cover!$A:$D,3,FALSE) -> 5 | L49: =VLOOKUP(data!H49,cover!$A:$D,4,FALSE) -> 0 | M49: seagrass | N49: =VLOOKUP($F49,'seagrass biomass'!$G:$L,2,FALSE) -> 3113 | O49: =VLOOKUP($F49,'seagrass biomass'!$G:$L,3,FALSE) -> 899
A50: grid | B50: NG 21 | C50: natural | D50: -8.6797852 | E50: 40.692632 | F50: 2025089 | H50: P7170153 | I50: yes | J50: marsh | K50: =VLOOKUP(data!H50,cover!$A:$D,3,FALSE) -> 5 | L50: =VLOOKUP(data!H50,cover!$A:$D,4,FALSE) -> 0 | M50: seagrass | N50: =VLOOKUP($F50,'seagrass biomass'!$G:$L,2,FALSE) -> 857 | O50: =VLOOKUP($F50,'seagrass biomass'!$G:$L,3,FALSE) -> 705 | R50: gesampled door Loran, door Jim gemarkeerd als marsh (verwarring bij wisseling van teams)
A51: grid | B51: NG 17 | C51: natural | D51: -8.6803406 | E51: 40.692788 | F51: 2025090 | H51: P7170154 | I51: yes | J51: sample | K51: =VLOOKUP(data!H51,cover!$A:$D,3,FALSE) -> 5 | L51: =VLOOKUP(data!H51,cover!$A:$D,4,FALSE) -> 0 | M51: seagrass | N51: =VLOOKUP($F51,'seagrass biomass'!$G:$L,2,FALSE) -> #N/A | O51: =VLOOKUP($F51,'seagrass biomass'!$G:$L,3,FALSE) -> #N/A
A52: random | B52: NR 45 | C52: natural | D52: -8.6796998 | E52: 40.692914 | F52: 2025091 | H52: P7170155 | I52: yes | J52: sample | K52: =VLOOKUP(data!H52,cover!$A:$D,3,FALSE) -> 5 | L52: =VLOOKUP(data!H52,cover!$A:$D,4,FALSE) -> 0 | M52: seagrass | N52: =VLOOKUP($F52,'seagrass biomass'!$G:$L,2,FALSE) -> 1230 | O52: =VLOOKUP($F52,'seagrass biomass'!$G:$L,3,FALSE) -> 990
A53: grid | B53: NG 22 | C53: natural | D53: -8.6795808 | E53: 40.693055 | F53: 2025092 | H53: P7170156 | I53: yes | J53: sample | K53: =VLOOKUP(data!H53,cover!$A:$D,3,FALSE) -> 4 | L53: =VLOOKUP(data!H53,cover!$A:$D,4,FALSE) -> 0 | M53: seagrass | N53: =VLOOKUP($F53,'seagrass biomass'!$G:$L,2,FALSE) -> 992 | O53: =VLOOKUP($F53,'seagrass biomass'!$G:$L,3,FALSE) -> 377
A54: random | B54: NR 46 | C54: natural | D54: -8.6795724 | E54: 40.693251 | F54: 2025093 | H54: P7170157 | I54: no | J54: sample | K54: =VLOOKUP(data!H54,cover!$A:$D,3,FALSE) -> 5 | L54: =VLOOKUP(data!H54,cover!$A:$D,4,FALSE) -> 0 | M54: seagrass | N54: =VLOOKUP($F54,'seagrass biomass'!$G:$L,2,FALSE) -> 1076 | O54: =VLOOKUP($F54,'seagrass biomass'!$G:$L,3,FALSE) -> 803
A55: grid | B55: NG 23 | C55: natural | D55: -8.6793764 | E55: 40.693477 | F55: 2025111 | H55: P7170159 | I55: yes | J55: sample | K55: =VLOOKUP(data!H55,cover!$A:$D,3,FALSE) -> 5 | L55: =VLOOKUP(data!H55,cover!$A:$D,4,FALSE) -> 0 | M55: seagrass | N55: =VLOOKUP($F55,'seagrass biomass'!$G:$L,2,FALSE) -> #N/A | O55: =VLOOKUP($F55,'seagrass biomass'!$G:$L,3,FALSE) -> #N/A
A56: random | B56: NR 47 | C56: natural | D56: -8.6795002 | E56: 40.693607 | F56: 2025112 | H56: P7170160 | I56: yes | J56: sample | K56: =VLOOKUP(data!H56,cover!$A:$D,3,FALSE) -> 5 | L56: =VLOOKUP(data!H56,cover!$A:$D,4,FALSE) -> + | M56: seagrass | N56: =VLOOKUP($F56,'seagrass biomass'!$G:$L,2,FALSE) -> #N/A | O56: =VLOOKUP($F56,'seagrass biomass'!$G:$L,3,FALSE) -> #N/A
A57: grid | B57: NG 24 | C57: natural | D57: -8.679172 | E57: 40.6939 | F57: 2025113 | H57: P7170161 | I57: yes | J57: sample | K57: =VLOOKUP(data!H57,cover!$A:$D,3,FALSE) -> 5 | L57: =VLOOKUP(data!H57,cover!$A:$D,4,FALSE) -> 0 | M57: seagrass | N57: =VLOOKUP($F57,'seagrass biomass'!$G:$L,2,FALSE) -> 1876 | O57: =VLOOKUP($F57,'seagrass biomass'!$G:$L,3,FALSE) -> 608
A58: grid | B58: NG 32 | C58: natural | D58: -8.6780613 | E58: 40.693589 | F58: 2025114 | H58: P7170164 | I58: bare | J58: sample | K58: =VLOOKUP(data!H58,cover!$A:$D,3,FALSE) -> 0 | L58: =VLOOKUP(data!H58,cover!$A:$D,4,FALSE) -> 0 | M58: bare | N58: =VLOOKUP($F58,'seagrass biomass'!$G:$L,2,FALSE) -> #N/A | O58: =VLOOKUP($F58,'seagrass biomass'!$G:$L,3,FALSE) -> #N/A | P58: 0 | Q58: AVI2 201-220 | R58: sandy
A59: grid | B59: NG 20 | C59: natural | D59: -8.6797273 | E59: 40.694056 | F59: 2025115 | H59: P7170170 | I59: yes | J59: sample | K59: =VLOOKUP(data!H59,cover!$A:$D,3,FALSE) -> 5 | L59: =VLOOKUP(data!H59,cover!$A:$D,4,FALSE) -> 0 | M59: seagrass | N59: =VLOOKUP($F59,'seagrass biomass'!$G:$L,2,FALSE) -> 3982 | O59: =VLOOKUP($F59,'seagrass biomass'!$G:$L,3,FALSE) -> 2080
A60: grid | B60: NG 19 | C60: natural | D60: -8.6799317 | E60: 40.693633 | F60: 2025116 | H60: P7170171 | I60: yes | J60: sample | K60: =VLOOKUP(data!H60,cover!$A:$D,3,FALSE) -> 5 | L60: =VLOOKUP(data!H60,cover!$A:$D,4,FALSE) -> 0 | M60: seagrass | N60: =VLOOKUP($F60,'seagrass biomass'!$G:$L,2,FALSE) -> 3531 | O60: =VLOOKUP($F60,'seagrass biomass'!$G:$L,3,FALSE) -> 2364
A61: random | B61: NR 43 | C61: natural | D61: -8.6802481 | E61: 40.693315 | F61: 2025117 | H61: P7170172 | I61: yes | J61: sample | K61: =VLOOKUP(data!H61,cover!$A:$D,3,FALSE) -> 5 | L61: =VLOOKUP(data!H61,cover!$A:$D,4,FALSE) -> 0 | M61: seagrass | N61: =VLOOKUP($F61,'seagrass biomass'!$G:$L,2,FALSE) -> 750 | O61: =VLOOKUP($F61,'seagrass biomass'!$G:$L,3,FALSE) -> 345 | P61: 100 | Q61: AVI2 321-340
A62: grid | B62: NG 18 | C62: natural | D62: -8.6801362 | E62: 40.69321 | F62: 2025118 | H62: P7170173 | I62: yes | J62: sample | K62: =VLOOKUP(data!H62,cover!$A:$D,3,FALSE) -> 5 | L62: =VLOOKUP(data!H62,cover!$A:$D,4,FALSE) -> 0 | M62: seagrass | N62: =VLOOKUP($F62,'seagrass biomass'!$G:$L,2,FALSE) -> #N/A | O62: =VLOOKUP($F62,'seagrass biomass'!$G:$L,3,FALSE) -> #N/A | P62: 100 | Q62: AVI2 301-320
A63: grid | B63: NG 25 | C63: natural | D63: -8.6792299 | E63: 40.692476 | F63: 2025119 | H63: P7170169 | I63: yes | J63: sample | K63: =VLOOKUP(data!H63,cover!$A:$D,3,FALSE) -> 5 | L63: =VLOOKUP(data!H63,cover!$A:$D,4,FALSE) -> 0 | M63: seagrass | N63: =VLOOKUP($F63,'seagrass biomass'!$G:$L,2,FALSE) -> 754 | O63: =VLOOKUP($F63,'seagrass biomass'!$G:$L,3,FALSE) -> 582 | P63: 100 | Q63: AVI2 281-300
A64: grid | B64: NG 29 | C64: natural | D64: -8.6786746 | E64: 40.692321 | F64: 2025120 | H64: P7170168 | I64: bare | J64: marsh | K64: =VLOOKUP(data!H64,cover!$A:$D,3,FALSE) -> 0 | L64: =VLOOKUP(data!H64,cover!$A:$D,4,FALSE) -> + | M64: bare | N64: =VLOOKUP($F64,'seagrass biomass'!$G:$L,2,FALSE) -> 12 | O64: =VLOOKUP($F64,'seagrass biomass'!$G:$L,3,FALSE) -> 118 | R64: gesampled door Loran, door Jim gemarkeerd als marsh
A65: grid | B65: NG 30 | C65: natural | D65: -8.6784701 | E65: 40.692744 | F65: 2025121 | H65: P7170167 | I65: bare | J65: sample | K65: =VLOOKUP(data!H65,cover!$A:$D,3,FALSE) -> 0 | L65: =VLOOKUP(data!H65,cover!$A:$D,4,FALSE) -> + | M65: bare | N65: =VLOOKUP($F65,'seagrass biomass'!$G:$L,2,FALSE) -> 0 | O65: =VLOOKUP($F65,'seagrass biomass'!$G:$L,3,FALSE) -> 0 | P65: 0 | Q65: AVI2 261-280
A66: random | B66: NR 52 | C66: natural | D66: -8.6785132 | E66: 40.692872 | F66: 2025122 | H66: P7170166 | I66: yes | J66: sample | K66: =VLOOKUP(data!H66,cover!$A:$D,3,FALSE) -> 5 | L66: =VLOOKUP(data!H66,cover!$A:$D,4,FALSE) -> 0 | M66: seagrass | N66: =VLOOKUP($F66,'seagrass biomass'!$G:$L,2,FALSE) -> 2650 | O66: =VLOOKUP($F66,'seagrass biomass'!$G:$L,3,FALSE) -> 1147 | P66: 100 | Q66: AVI2 241-260
A67: grid | B67: NG 31 | C67: natural | D67: -8.6782657 | E67: 40.693166 | F67: 2025123 | H67: P7170165 | I67: bare | J67: sample | K67: =VLOOKUP(data!H67,cover!$A:$D,3,FALSE) -> 0 | L67: =VLOOKUP(data!H67,cover!$A:$D,4,FALSE) -> 0 | M67: bare | N67: =VLOOKUP($F67,'seagrass biomass'!$G:$L,2,FALSE) -> 0 | O67: =VLOOKUP($F67,'seagrass biomass'!$G:$L,3,FALSE) -> 0 | P67: 0 | Q67: AVI2 221-240 | R67: sandy
A68: random | B68: NR 49 | C68: natural | D68: -8.6793569 | E68: 40.693139 | F68: 2025124 | H68: P7170158 | I68: yes | J68: sample | K68: =VLOOKUP(data!H68,cover!$A:$D,3,FALSE) -> 5 | L68: =VLOOKUP(data!H68,cover!$A:$D,4,FALSE) -> 0 | M68: seagrass | N68: =VLOOKUP($F68,'seagrass biomass'!$G:$L,2,FALSE) -> 2564 | O68: =VLOOKUP($F68,'seagrass biomass'!$G:$L,3,FALSE) -> 2102
A69: random | B69: NR 42 | C69: natural | D69: -8.6806003 | E69: 40.692889 | F69: 2025125 | H69: P7170174 | I69: yes | J69: sample | K69: =VLOOKUP(data!H69,cover!$A:$D,3,FALSE) -> 5 | L69: =VLOOKUP(data!H69,cover!$A:$D,4,FALSE) -> 0 | M69: seagrass | N69: =VLOOKUP($F69,'seagrass biomass'!$G:$L,2,FALSE) -> 1891 | O69: =VLOOKUP($F69,'seagrass biomass'!$G:$L,3,FALSE) -> 891
A70: grid | B70: NG 13 | C70: natural | D70: -8.6808959 | E70: 40.692943 | F70: 2025126 | H70: P7170177 | I70: yes | J70: sample | K70: =VLOOKUP(data!H70,cover!$A:$D,3,FALSE) -> 5 | L70: =VLOOKUP(data!H70,cover!$A:$D,4,FALSE) -> 0 | M70: seagrass | N70: =VLOOKUP($F70,'seagrass biomass'!$G:$L,2,FALSE) -> 2057 | O70: =VLOOKUP($F70,'seagrass biomass'!$G:$L,3,FALSE) -> 1686
A71: random | B71: NR 39 | C71: natural | D71: -8.6807899 | E71: 40.693235 | F71: 2025127 | H71: P7170178 | I71: yes | J71: sample | K71: =VLOOKUP(data!H71,cover!$A:$D,3,FALSE) -> 5 | L71: =VLOOKUP(data!H71,cover!$A:$D,4,FALSE) -> 0 | M71: seagrass | N71: =VLOOKUP($F71,'seagrass biomass'!$G:$L,2,FALSE) -> 926 | O71: =VLOOKUP($F71,'seagrass biomass'!$G:$L,3,FALSE) -> 1187
A72: grid | B72: NG 14 | C72: natural | D72: -8.6806915 | E72: 40.693366 | F72: 2025128 | H72: P7170179 | I72: yes | J72: sample | K72: =VLOOKUP(data!H72,cover!$A:$D,3,FALSE) -> 5 | L72: =VLOOKUP(data!H72,cover!$A:$D,4,FALSE) -> 0 | M72: seagrass | N72: =VLOOKUP($F72,'seagrass biomass'!$G:$L,2,FALSE) -> 2434 | O72: =VLOOKUP($F72,'seagrass biomass'!$G:$L,3,FALSE) -> 1076
A73: grid | B73: NG 15 | C73: natural | D73: -8.6804871 | E73: 40.693789 | F73: 2025129 | H73: P7170180 | I73: yes | J73: sample | K73: =VLOOKUP(data!H73,cover!$A:$D,3,FALSE) -> 5 | L73: =VLOOKUP(data!H73,cover!$A:$D,4,FALSE) -> 0 | M73: seagrass | N73: =VLOOKUP($F73,'seagrass biomass'!$G:$L,2,FALSE) -> #N/A | O73: =VLOOKUP($F73,'seagrass biomass'!$G:$L,3,FALSE) -> #N/A | P73: 100 | Q73: AVI2 341-360
A74: random | B74: NR 44 | C74: natural | D74: -8.6802182 | E74: 40.693896 | F74: 2025130 | H74: P7170181 | I74: bare | J74: sample | K74: =VLOOKUP(data!H74,cover!$A:$D,3,FALSE) -> 0 | L74: =VLOOKUP(data!H74,cover!$A:$D,4,FALSE) -> 0 | M74: bare | N74: =VLOOKUP($F74,'seagrass biomass'!$G:$L,2,FALSE) -> 0 | O74: =VLOOKUP($F74,'seagrass biomass'!$G:$L,3,FALSE) -> 125 | P74: 0 | Q74: AVI2 361-380
A75: grid | B75: NG 16 | C75: natural | D75: -8.6802827 | E75: 40.694211 | F75: 2025131 | H75: P7170182 | I75: yes | J75: sample | K75: =VLOOKUP(data!H75,cover!$A:$D,3,FALSE) -> 5 | L75: =VLOOKUP(data!H75,cover!$A:$D,4,FALSE) -> 0 | M75: seagrass | N75: =VLOOKUP($F75,'seagrass biomass'!$G:$L,2,FALSE) -> #N/A | O75: =VLOOKUP($F75,'seagrass biomass'!$G:$L,3,FALSE) -> #N/A | P75: 100 | Q75: AVI2 381-400
A76: grid | B76: NG 12 | C76: natural | D76: -8.680838 | E76: 40.694367 | F76: 2025132 | H76: P7170183 | I76: yes | J76: sample | K76: =VLOOKUP(data!H76,cover!$A:$D,3,FALSE) -> 5 | L76: =VLOOKUP(data!H76,cover!$A:$D,4,FALSE) -> 0 | M76: seagrass | N76: =VLOOKUP($F76,'seagrass biomass'!$G:$L,2,FALSE) -> 821 | O76: =VLOOKUP($F76,'seagrass biomass'!$G:$L,3,FALSE) -> 561 | P76: 100 | Q76: AVI2 401-420
A77: random | B77: NR 41 | C77: natural | D77: -8.6809415 | E77: 40.694133 | F77: 2025133 | H77: P7170184 | I77: yes | J77: sample | K77: =VLOOKUP(data!H77,cover!$A:$D,3,FALSE) -> 5 | L77: =VLOOKUP(data!H77,cover!$A:$D,4,FALSE) -> 0 | M77: seagrass | N77: =VLOOKUP($F77,'seagrass biomass'!$G:$L,2,FALSE) -> 951 | O77: =VLOOKUP($F77,'seagrass biomass'!$G:$L,3,FALSE) -> 578
A78: random | B78: NR 37 | C78: natural | D78: -8.6811688 | E78: 40.693955 | F78: 2025134 | H78: P7170185 | I78: algae | J78: sample | K78: =VLOOKUP(data!H78,cover!$A:$D,3,FALSE) -> 3 | L78: =VLOOKUP(data!H78,cover!$A:$D,4,FALSE) -> 2 | M78: algae | N78: =VLOOKUP($F78,'seagrass biomass'!$G:$L,2,FALSE) -> 12 | O78: =VLOOKUP($F78,'seagrass biomass'!$G:$L,3,FALSE) -> 0
A79: grid | B79: NG 11 | C79: natural | D79: -8.6810425 | E79: 40.693944 | F79: 2025135 | H79: P7170187 | I79: bare | J79: sample | K79: =VLOOKUP(data!H79,cover!$A:$D,3,FALSE) -> 0 | L79: =VLOOKUP(data!H79,cover!$A:$D,4,FALSE) -> 0 | M79: bare | N79: =VLOOKUP($F79,'seagrass biomass'!$G:$L,2,FALSE) -> #N/A | O79: =VLOOKUP($F79,'seagrass biomass'!$G:$L,3,FALSE) -> #N/A
A80: random | B80: NR 40 | C80: natural | D80: -8.6809818 | E80: 40.693614 | F80: 2025136 | H80: P7170188 | I80: yes | J80: sample | K80: =VLOOKUP(data!H80,cover!$A:$D,3,FALSE) -> 5 | L80: =VLOOKUP(data!H80,cover!$A:$D,4,FALSE) -> 0 | M80: seagrass | N80: =VLOOKUP($F80,'seagrass biomass'!$G:$L,2,FALSE) -> #N/A | O80: =VLOOKUP($F80,'seagrass biomass'!$G:$L,3,FALSE) -> #N/A
A81: grid | B81: NG 10 | C81: natural | D81: -8.6812469 | E81: 40.693522 | F81: 2025137 | H81: P7170189 | I81: yes | J81: sample | K81: =VLOOKUP(data!H81,cover!$A:$D,3,FALSE) -> 5 | L81: =VLOOKUP(data!H81,cover!$A:$D,4,FALSE) -> 0 | M81: seagrass | N81: =VLOOKUP($F81,'seagrass biomass'!$G:$L,2,FALSE) -> 1476 | O81: =VLOOKUP($F81,'seagrass biomass'!$G:$L,3,FALSE) -> 1194
A82: random | B82: NR 36 | C82: natural | D82: -8.6814588 | E82: 40.693564 | F82: 2025138 | H82: P7170190 | I82: yes | J82: sample | K82: =VLOOKUP(data!H82,cover!$A:$D,3,FALSE) -> 5 | L82: =VLOOKUP(data!H82,cover!$A:$D,4,FALSE) -> 0 | M82: seagrass | N82: =VLOOKUP($F82,'seagrass biomass'!$G:$L,2,FALSE) -> 1220 | O82: =VLOOKUP($F82,'seagrass biomass'!$G:$L,3,FALSE) -> 2529
A83: grid | B83: NG 5 | C83: natural | D83: -8.6820066 | E83: 40.693254 | F83: 2025139 | H83: P7170191 | I83: yes | J83: sample | K83: =VLOOKUP(data!H83,cover!$A:$D,3,FALSE) -> 5 | L83: =VLOOKUP(data!H83,cover!$A:$D,4,FALSE) -> 0 | M83: seagrass | N83: =VLOOKUP($F83,'seagrass biomass'!$G:$L,2,FALSE) -> #N/A | O83: =VLOOKUP($F83,'seagrass biomass'!$G:$L,3,FALSE) -> #N/A
A84: grid | B84: NG 6 | C84: natural | D84: -8.6818022 | E84: 40.693677 | F84: 2025140 | H84: P7170192 | I84: yes | J84: sample | K84: =VLOOKUP(data!H84,cover!$A:$D,3,FALSE) -> 5 | L84: =VLOOKUP(data!H84,cover!$A:$D,4,FALSE) -> 0 | M84: seagrass | N84: =VLOOKUP($F84,'seagrass biomass'!$G:$L,2,FALSE) -> 1415 | O84: =VLOOKUP($F84,'seagrass biomass'!$G:$L,3,FALSE) -> 833
A85: grid | B85: NG 7 | C85: natural | D85: -8.6815978 | E85: 40.6941 | F85: 2025141 | H85: P7170193 | I85: yes | J85: sample | K85: =VLOOKUP(data!H85,cover!$A:$D,3,FALSE) -> 5 | L85: =VLOOKUP(data!H85,cover!$A:$D,4,FALSE) -> 0 | M85: seagrass | N85: =VLOOKUP($F85,'seagrass biomass'!$G:$L,2,FALSE) -> 1552 | O85: =VLOOKUP($F85,'seagrass biomass'!$G:$L,3,FALSE) -> 561
A86: grid | B86: NG 8 | C86: natural | D86: -8.6813934 | E86: 40.694523 | F86: 2025142 | H86: P7170194 | I86: yes | J86: sample | K86: =VLOOKUP(data!H86,cover!$A:$D,3,FALSE) -> 5 | L86: =VLOOKUP(data!H86,cover!$A:$D,4,FALSE) -> 0 | M86: seagrass | N86: =VLOOKUP($F86,'seagrass biomass'!$G:$L,2,FALSE) -> 2799 | O86: =VLOOKUP($F86,'seagrass biomass'!$G:$L,3,FALSE) -> 1299
A87: grid | B87: RG 20 | C87: rewilded | D87: -8.6897567 | E87: 40.673429 | J87: marsh | M87: marsh
A88: grid | B88: RG 26 | C88: rewilded | D88: -8.6900686 | E88: 40.67245 | J88: marsh | M88: marsh
A89: grid | B89: RG 27 | C89: rewilded | D89: -8.6896867 | E89: 40.672794 | J89: marsh | M89: marsh
A90: grid | B90: RG 28 | C90: rewilded | D90: -8.6893048 | E90: 40.673138 | J90: marsh | M90: marsh
A91: grid | B91: RG 29 | C91: rewilded | D91: -8.688923 | E91: 40.673482 | J91: marsh | M91: marsh
A92: grid | B92: RG 30 | C92: rewilded | D92: -8.6885411 | E92: 40.673826 | J92: marsh | M92: marsh
A93: grid | B93: RG 32 | C93: rewilded | D93: -8.6877773 | E93: 40.674514 | J93: marsh | M93: marsh
A94: random | B94: RR 33 | C94: rewilded | D94: -8.6914381 | E94: 40.673147 | J94: marsh | M94: marsh | R94: creek?
A95: random | B95: RR 42 | C95: rewilded | D95: -8.6901232 | E95: 40.673422 | J95: no | R95: check
A96: random | B96: RR 50 | C96: rewilded | D96: -8.6896642 | E96: 40.673417 | J96: marsh | M96: marsh
A97: random | B97: RR 53 | C97: rewilded | D97: -8.6880517 | E97: 40.674508 | J97: marsh | M97: marsh
A98: grid | B98: NG 1 | C98: natural | D98: -8.682562 | E98: 40.69341 | J98: no | R98: skipped, enough data
A99: grid | B99: NG 2 | C99: natural | D99: -8.6823576 | E99: 40.693833 | J99: no | R99: skipped, enough data
A100: grid | B100: NG 3 | C100: natural | D100: -8.6821532 | E100: 40.694255 | J100: no | R100: skipped, enough data
A101: grid | B101: NG 4 | C101: natural | D101: -8.6819488 | E101: 40.694678 | J101: no | R101: skipped, enough data
A102: grid | B102: NG 9 | C102: natural | D102: -8.6814513 | E102: 40.693099 | J102: marsh | M102: marsh
...

Sheet cover
A1: bestand | B1: perc_groen | C1: BB.Seagrass | D1: Algae
A2: P7150059 | B2: 21.091183 | C2: + | D2: 4
A3: P7150061 | B3: 7.0415663 | C3: 1 | D3: 2
A4: P7150062 | B4: 14.091566 | C4: 4 | D4: 2
A5: P7150063 | B5: 6.8943043 | C5: 2 | D5: 4
A6: P7150065 | B6: 10.852686 | C6: 5 | D6: 0
A7: P7150066 | B7: 5.7744062 | C7: 0 | D7: 0
A8: P7150067 | B8: 30.755269 | C8: 0 | D8: 5
A9: P7150068 | B9: 5.8589735 | C9: 5 | D9: 0
A10: P7150069 | B10: 13.129799 | C10: 5 | D10: 0
A11: P7150070 | B11: 20.972158 | C11: 5 | D11: 0
A12: P7150071 | B12: 24.356769 | C12: 5 | D12: 0
A13: P7150072 | B13: 1.6579582 | C13: 0 | D13: 0
A14: P7150073 | B14: 8.5606197 | C14: 5 | D14: 0
A15: P7150074 | B15: 30.626747 | C15: + | D15: 5
A16: P7150075 | B16: 6.6680048 | C16: + | D16: 4
A17: P7150076 | B17: 5.7736022 | C17: 3 | D17: 0
A18: P7150077 | B18: 11.219939 | C18: 5 | D18: +
A19: P7150078 | B19: 15.571298 | C19: 5 | D19: 0
A20: P7150079 | B20: 0.71318724 | C20: + | D20: +
A21: P7150080 | B21: 13.33826 | C21: 5 | D21: 0
A22: P7150081 | B22: 38.429774 | C22: + | D22: 5
A23: P7150082 | B23: 28.680275 | C23: 5 | D23: 0
A24: P7150083 | B24: 16.022306 | C24: 5 | D24: 0
A25: P7150084 | B25: 14.159791 | C25: 5 | D25: 0
A26: P7150085 | B26: 0.72324068 | C26: 0 | D26: 0
A27: P7150086 | B27: 14.648872 | C27: 1 | D27: 4
A28: P7150087 | B28: 7.8148777 | C28: 4 | D28: +
A29: P7150088 | B29: 5.0289909 | C29: 2 | D29: 0
A30: P7150089 | B30: 7.1268171 | C30: + | D30: 0
A31: P7150090 | B31: 2.3120099 | C31: 0 | D31: +
A32: P7150091 | B32: 0.37605195 | C32: 0 | D32: 0
A33: P7160092 | B33: 1.1886217 | C33: 0 | D33: 0
A34: P7160093 | B34: 0.9289482 | C34: 0 | D34: 0
A35: P7160094 | B35: 12.338003 | C35: 3 | D35: 0
A36: P7160095 | B36: 5.2318108 | C36: 4 | D36: 0
A37: P7160096 | B37: 9.2346356 | C37: 5 | D37: 0
A38: P7160102 | B38: 26.038472 | C38: 4 | D38: 0
A39: P7160103 | B39: 0.39706887 | C39: 0 | D39: 0
A40: P7160104 | B40: 1.0713377 | C40: 0 | D40: 0
A41: P7160112 | B41: 26.474915 | C41: 5 | D41: 0
A42: P7160113 | B42: 9.7964875 | C42: 2 | D42: 0
A43: P7170125 | B43: 13.359251 | C43: 4 | D43: 0
A44: P7170126 | B44: 5.4923863 | C44: 5 | D44: +
A45: P7170127 | B45: 4.9591697 | C45: 5 | D45: 0
A46: P7170128 | B46: 6.0601372 | C46: 5 | D46: 0
A47: P7170129 | B47: 9.2657165 | C47: 5 | D47: 0
A48: P7170152 | B48: 7.7496523 | C48: 5 | D48: 0
A49: P7170153 | B49: 2.5210684 | C49: 5 | D49: 0
A50: P7170154 | B50: 1.8731645 | C50: 5 | D50: 0
A51: P7170155 | B51: 0.62180622 | C51: 5 | D51: 0
A52: P7170156 | B52: 3.7593008 | C52: 4 | D52: 0
A53: P7170157 | B53: 9.9487087 | C53: 5 | D53: 0
A54: P7170158 | B54: 4.8066673 | C54: 5 | D54: 0
A55: P7170159 | B55: 10.506275 | C55: 5 | D55: 0
A56: P7170160 | B56: 4.7473827 | C56: 5 | D56: +
A57: P7170161 | B57: 3.6257592 | C57: 5 | D57: 0
A58: P7170164 | B58: 0.40583505 | C58: 0 | D58: 0
A59: P7170165 | B59: 0.32693898 | C59: 0 | D59: 0
A60: P7170166 | B60: 5.653454 | C60: 5 | D60: 0
A61: P7170167 | B61: 1.1453576 | C61: 0 | D61: +
A62: P7170168 | B62: 1.099437 | C62: 0 | D62: +
A63: P7170169 | B63: 15.573109 | C63: 5 | D63: 0
A64: P7170170 | B64: 21.684048 | C64: 5 | D64: 0
A65: P7170171 | B65: 5.4743282 | C65: 5 | D65: 0
A66: P7170172 | B66: 35.334324 | C66: 5 | D66: 0
A67: P7170173 | B67: 15.57467 | C67: 5 | D67: 0
A68: P7170174 | B68: 13.691482 | C68: 5 | D68: 0
A69: P7170176 | B69: 17.873376 | C69: 5 | D69: 0
A70: P7170177 | B70: 20.408482 | C70: 5 | D70: 0
A71: P7170178 | B71: 4.3374799 | C71: 5 | D71: 0
A72: P7170179 | B72: 3.122365 | C72: 5 | D72: 0
A73: P7170180 | B73: 5.3863267 | C73: 5 | D73: 0
A74: P7170181 | B74: 1.0283066 | C74: 0 | D74: 0
... A79: P7170186 | B79: 1.5361396 | C79: 0 | D79: 0
A80: P7170187 | B80: 0.33855032 | C80: 0 | D80: 0 | G80: Braun-Blanquet-schaal
A81: P7170188 | B81: 5.2055678 | C81: 5 | D81: 0 | G81: 0
A82: P7170189 | B82: 7.4506856 | C82: 5 | D82: 0 | G82: + | H82: enkele sprieten (<1%)
A83: P7170190 | B83: 5.919579 | C83: 5 | D83: 0 | G83: 1 | H83: 1–5%
A84: P7170191 | B84: 14.764998 | C84: 5 | D84: 0 | G84: 2 | H84: 5–25%
A85: P7170192 | B85: 2.578138 | C85: 5 | D85: 0 | G85: 3 | H85: 25–50%
A86: P7170193 | B86: 8.1263134 | C86: 5 | D86: 0 | G86: 4 | H86: 50–75%
A87: P7170194 | B87: 21.928684 | C87: 5 | D87: 0 | G87: 5 | H87: 75–100%

Sheet seagrass biomass
A1: teller | B1: Code | C1: poskey | D1: AB | E1: dry weight (mg) | F1: remark | G1: Gemiddelde van dry weight (mg) | H1: Kolomlabels | S1: Aveiro 07/2025
A2: 1 | B2: 10A | C2: 2025010 | D2: A | E2: 2797 | G2: Rijlabels | H2: A | I2: B | J2: (leeg) | K2: Eindtotaal | L2: totalAB | S2: Oven 48h at 60°C | V2: A = Above ground biomass
A3: 2 | B3: 10B | C3: 2025010 | D3: B | E3: 1048 | G3: 2025003 | H3: 315 | I3: 250 | K3: 282.5 | L3: =H3+I3 -> 565 | V3: B= Belowground biomass
A4: 3 | B4: 113AN | C4: 2025113 | D4: A | E4: 1876 | G4: 2025004 | H4: 42 | I4: 141 | K4: 91.5 | L4: =H4+I4 -> 183 | S4: Code | T4: dry weight (mg)
A5: 4 | B5: 113BN | C5: 2025113 | D5: B | E5: 608 | G5: 2025005 | H5: 2222 | I5: 939 | K5: 1580.5 | L5: =H5+I5 -> 3161 | S5: 10A | T5: 2797 | V5: Seagrass leaves and Roots/Rhizomes
A6: 5 | B6: 115AN | C6: 2025115 | D6: A | E6: 3982 | G6: 2025006 | H6: 17 | I6: 0 | K6: 8.5 | L6: =H6+I6 -> 17 | S6: 10B | T6: 1048
A7: 6 | B7: 115BN | C7: 2025115 | D7: B | E7: 2080 | G7: 2025007 | H7: 0 | I7: 0 | K7: 0 | L7: =H7+I7 -> 0 | S7: 113AN | T7: 1876
A8: 7 | B8: 116AN | C8: 2025116 | D8: A | E8: 3531 | G8: 2025008 | H8: 2418 | I8: 1706 | K8: 2062 | L8: =H8+I8 -> 4124 | S8: 113BN | T8: 608
A9: 8 | B9: 116BN | C9: 2025116 | D9: B | E9: 2364 | G9: 2025009 | H9: 1377 | I9: 1864 | K9: 1620.5 | L9: =H9+I9 -> 3241 | S9: 115AN | T9: 3982
A10: 9 | B10: 117AN | C10: 2025117 | D10: A | E10: 750 | G10: 2025010 | H10: 2797 | I10: 1048 | K10: 1922.5 | L10: =H10+I10 -> 3845 | S10: 115BN | T10: 2080
A11: 10 | B11: 117BN | C11: 2025117 | D11: B | E11: 345 | G11: 2025011 | H11: 3628 | I11: 977 | K11: 2302.5 | L11: =H11+I11 -> 4605 | S11: 116AN | T11: 3531
A12: 11 | B12: 119A | C12: 2025119 | D12: A | E12: 754 | G12: 2025012 | H12: 0 | I12: 0 | K12: 0 | L12: =H12+I12 -> 0 | S12: 116BN | T12: 2364
A13: 12 | B13: 119B | C13: 2025119 | D13: B | E13: 582 | G13: 2025013 | H13: 1701 | I13: 1821 | K13: 1761 | L13: =H13+I13 -> 3522 | S13: 117AN | T13: 750
A14: 13 | B14: 11A | C14: 2025011 | D14: A | E14: 3628 | G14: 2025014 | H14: 0 | I14: 0 | K14: 0 | L14: =H14+I14 -> 0 | S14: 117BN | T14: 345
A15: 14 | B15: 11B | C15: 2025011 | D15: B | E15: 977 | G15: 2025015 | H15: 31 | I15: 189 | K15: 110 | L15: =H15+I15 -> 220 | S15: 119A | T15: 754
A16: 15 | B16: 120AN | C16: 2025120 | D16: A | E16: 12 | G16: 2025016 | H16: 977 | I16: 401 | K16: 689 | L16: =H16+I16 -> 1378 | S16: 119B | T16: 582
A17: 16 | B17: 120BN | C17: 2025120 | D17: B | E17: 118 | G17: 2025017 | H17: 994 | I17: 343 | K17: 668.5 | L17: =H17+I17 -> 1337 | S17: 11A | T17: 3628
... A20: 19 | B20: 122AN | C20: 2025122 | D20: A | E20: 2650 | G20: 2025021 | H20: 933 | I20: 750 | K20: 841.5 | L20: =H20+I20 -> 1683 | S20: 120BN | T20: 118
A21: 20 | B21: 122BN | C21: 2025122 | D21: B | E21: 1147 | G21: 2025022 | H21: 85 | I21: 719 | K21: 402 | L21: =H21+I21 -> 804 | S21: 121AN | T21: empty
A22: 21 | B22: 123AN | C22: 2025123 | D22: A | E22: 0 | G22: 2025023 | H22: 2790 | I22: 888 | K22: 1839 | L22: =H22+I22 -> 3678 | S22: 121BN | T22: empty
A23: 22 | B23: 123BN | C23: 2025123 | D23: B | E23: 0 | G23: 2025024 | H23: 2113 | I23: 675 | K23: 1394 | L23: =H23+I23 -> 2788 | S23: 122AN | T23: 2650
A24: 23 | B24: 124AN | C24: 2025124 | D24: A | E24: 2564 | G24: 2025025 | H24: 2237 | I24: 951 | K24: 1594 | L24: =H24+I24 -> 3188 | S24: 122BN | T24: 1147
A25: 24 | B25: 124BN | C25: 2025124 | D25: B | E25: 2102 | G25: 2025026 | H25: 0 | I25: 0 | K25: 0 | L25: =H25+I25 -> 0 | S25: 123AN | T25: empty
A26: 25 | B26: 125AN | C26: 2025125 | D26: A | E26: 1891 | G26: 2025027 | H26: 39 | I26: 161 | K26: 100 | L26: =H26+I26 -> 200 | S26: 123BN | T26: empty
A27: 26 | B27: 125BN | C27: 2025125 | D27: B | E27: 891 | G27: 2025028 | H27: 2715 | I27: 1696 | K27: 2205.5 | L27: =H27+I27 -> 4411 | S27: 124AN | T27: 2564
A28: 27 | B28: 126AN | C28: 2025126 | D28: A | E28: 2057 | G28: 2025029 | H28: 1294 | I28: 454 | K28: 874 | L28: =H28+I28 -> 1748 | S28: 124BN | T28: 2102
A29: 28 | B29: 126BN | C29: 2025126 | D29: B | E29: 1686 | G29: 2025030 | H29: 228 | I29: 191 | K29: 209.5 | L29: =H29+I29 -> 419 | S29: 125AN | T29: 1891
A30: 29 | B30: 127AN | C30: 2025127 | D30: A | E30: 926 | G30: 2025031 | H30: 0 | I30: 0 | K30: 0 | L30: =H30+I30 -> 0 | S30: 125BN | T30: 891
A31: 30 | B31: 127BN | C31: 2025127 | D31: B | E31: 1187 | G31: 2025034 | H31: 0 | I31: 0 | K31: 0 | L31: =H31+I31 -> 0 | S31: 126AN | T31: 2057
A32: 31 | B32: 128AN | C32: 2025128 | D32: A | E32: 2434 | G32: 2025035 | H32: 209 | I32: 248 | K32: 228.5 | L32: =H32+I32 -> 457 | S32: 126BN | T32: 1686
A33: 32 | B33: 128BN | C33: 2025128 | D33: B | E33: 1076 | G33: 2025036 | H33: 645 | I33: 607 | K33: 626 | L33: =H33+I33 -> 1252 | S33: 127AN | T33: 926
A34: 33 | B34: 12A | C34: 2025012 | D34: A | E34: 0 | G34: 2025037 | H34: 1871 | I34: 1585 | K34: 1728 | L34: =H34+I34 -> 3456 | S34: 127BN | T34: 1187
A35: 34 | B35: 12B | C35: 2025012 | D35: B | E35: 0 | G35: 2025038 | H35: 1642 | I35: 1381 | K35: 1511.5 | L35: =H35+I35 -> 3023 | S35: 128AN | T35: 2434
A36: 35 | B36: 130A | C36: 2025130 | D36: A | E36: 0 | G36: 2025040 | H36: 0 | I36: 0 | K36: 0 | L36: =H36+I36 -> 0 | S36: 128BN | T36: 1076
A37: 36 | B37: 130BN | C37: 2025130 | D37: B | E37: 125 | G37: 2025081 | H37: 2745 | I37: 1244 | K37: 1994.5 | L37: =H37+I37 -> 3989 | S37: 12A | T37: empty
A38: 37 | B38: 132AN | C38: 2025132 | D38: A | E38: 821 | G38: 2025082 | H38: 400 | I38: 338 | K38: 369 | L38: =H38+I38 -> 738 | S38: 12B | T38: empty
A39: 38 | B39: 132BN | C39: 2025132 | D39: B | E39: 561 | G39: 2025084 | H39: 1514 | I39: 556 | K39: 1035 | L39: =H39+I39 -> 2070 | S39: 130A | T39: empty
A40: 39 | B40: 133AN | C40: 2025133 | D40: A | E40: 951 | G40: 2025085 | H40: 2566 | I40: 1512 | K40: 2039 | L40: =H40+I40 -> 4078 | S40: 130BN | T40: 125
A41: 40 | B41: 133BN | C41: 2025133 | D41: B | E41: 578 | G41: 2025086 | H41: 3538 | I41: 2263 | K41: 2900.5 | L41: =H41+I41 -> 5801 | S41: 132AN | T41: 821
A42: 41 | B42: 134AN | C42: 2025134 | D42: A | E42: 12 | G42: 2025087 | H42: 1780 | I42: 1728 | K42: 1754 | L42: =H42+I42 -> 3508 | S42: 132BN | T42: 561
A43: 42 | B43: 134BN | C43: 2025134 | D43: B | E43: 0 | G43: 2025088 | H43: 3113 | I43: 899 | K43: 2006 | L43: =H43+I43 -> 4012 | S43: 133AN | T43: 951
A44: 43 | B44: 137AN | C44: 2025137 | D44: A | E44: 1476 | G44: 2025089 | H44: 857 | I44: 705 | K44: 781 | L44: =H44+I44 -> 1562 | S44: 133BN | T44: 578
A45: 44 | B45: 137BN | C45: 2025137 | D45: B | E45: 1194 | G45: 2025091 | H45: 1230 | I45: 990 | K45: 1110 | L45: =H45+I45 -> 2220 | S45: 134AN | T45: 12
A46: 45 | B46: 138AN | C46: 2025138 | D46: A | E46: 1220 | G46: 2025092 | H46: 992 | I46: 377 | K46: 684.5 | L46: =H46+I46 -> 1369 | S46: 134BN | T46: empty
A47: 46 | B47: 138BN | C47: 2025138 | D47: B | E47: 2529 | G47: 2025093 | H47: 1076 | I47: 803 | K47: 939.5 | L47: =H47+I47 -> 1879 | S47: 137AN | T47: 1476
A48: 47 | B48: 13A | C48: 2025013 | D48: A | E48: 1701 | G48: 2025113 | H48: 1876 | I48: 608 | K48: 1242 | L48: =H48+I48 -> 2484 | S48: 137BN | T48: 1194
A49: 48 | B49: 13B | C49: 2025013 | D49: B | E49: 1821 | G49: 2025115 | H49: 3982 | I49: 2080 | K49: 3031 | L49: =H49+I49 -> 6062 | S49: 138AN | T49: 1220
A50: 49 | B50: 140AN | C50: 2025140 | D50: A | E50: 1415 | G50: 2025116 | H50: 3531 | I50: 2364 | K50: 2947.5 | L50: =H50+I50 -> 5895 | S50: 138BN | T50: 2529
A51: 50 | B51: 140BN | C51: 2025140 | D51: B | E51: 833 | G51: 2025117 | H51: 750 | I51: 345 | K51: 547.5 | L51: =H51+I51 -> 1095 | S51: 13A | T51: 1701
A52: 51 | B52: 141AN | C52: 2025141 | D52: A | E52: 1552 | G52: 2025119 | H52: 754 | I52: 582 | K52: 668 | L52: =H52+I52 -> 1336 | S52: 13B | T52: 1821
A53: 52 | B53: 141BN | C53: 2025141 | D53: B | E53: 561 | G53: 2025120 | H53: 12 | I53: 118 | K53: 65 | L53: =H53+I53 -> 130 | S53: 140AN | T53: 1415
A54: 53 | B54: 142AN | C54: 2025142 | D54: A | E54: 2799 | G54: 2025121 | H54: 0 | I54: 0 | K54: 0 | L54: =H54+I54 -> 0 | S54: 140BN | T54: 833
A55: 54 | B55: 142BN | C55: 2025142 | D55: B | E55: 1299 | G55: 2025122 | H55: 2650 | I55: 1147 | K55: 1898.5 | L55: =H55+I55 -> 3797 | S55: 141AN | T55: 1552
A56: 55 | B56: 148AN | C56: 2025148 | D56: A | E56: 392 | G56: 2025123 | H56: 0 | I56: 0 | K56: 0 | L56: =H56+I56 -> 0 | S56: 141BN | T56: 561
A57: 56 | B57: 148BN | C57: 2025148 | D57: B | E57: 156 | G57: 2025124 | H57: 2564 | I57: 2102 | K57: 2333 | L57: =H57+I57 -> 4666 | S57: 142AN | T57: 2799
A58: 57 | B58: 149AN | C58: 2025149 | D58: A | E58: 465 | G58: 2025125 | H58: 1891 | I58: 891 | K58: 1391 | L58: =H58+I58 -> 2782 | S58: 142BN | T58: 1299
... A62: 61 | B62: 150AN | C62: 2025150 | D62: A | E62: 931 | G62: 2025130 | H62: 0 | I62: 125 | K62: 62.5 | L62: =H62+I62 -> 125 | S62: 149BN | T62: 1025
A63: 62 | B63: 150BN | C63: 2025150 | D63: B | E63: 712 | G63: 2025132 | H63: 821 | I63: 561 | K63: 691 | L63: =H63+I63 -> 1382 | S63: 14A | T63: empty
A64: 63 | B64: 151AN | C64: 2025151 | D64: A | E64: 510 | G64: 2025133 | H64: 951 | I64: 578 | K64: 764.5 | L64: =H64+I64 -> 1529 | S64: 14B | T64: empty
A65: 64 | B65: 151BN | C65: 2025151 | D65: B | E65: 557 | G65: 2025134 | H65: 12 | I65: 0 | K65: 6 | L65: =H65+I65 -> 12 | S65: 150AN | T65: 931
A66: 65 | B66: 15A | C66: 2025015 | D66: A | E66: 31 | G66: 2025137 | H66: 1476 | I66: 1194 | K66: 1335 | L66: =H66+I66 -> 2670 | S66: 150BN | T66: 712
A67: 66 | B67: 15B | C67: 2025015 | D67: B | E67: 189 | G67: 2025138 | H67: 1220 | I67: 2529 | K67: 1874.5 | L67: =H67+I67 -> 3749 | S67: 151AN | T67: 510
A68: 67 | B68: 16A | C68: 2025016 | D68: A | E68: 977 | G68: 2025140 | H68: 1415 | I68: 833 | K68: 1124 | L68: =H68+I68 -> 2248 | S68: 151BN | T68: 557
A69: 68 | B69: 16B | C69: 2025016 | D69: B | E69: 401 | G69: 2025141 | H69: 1552 | I69: 561 | K69: 1056.5 | L69: =H69+I69 -> 2113 | S69: 15A | T69: 31
A70: 69 | B70: 17A | C70: 2025017 | D70: A | E70: 994 | G70: 2025142 | H70: 2799 | I70: 1299 | K70: 2049 | L70: =H70+I70 -> 4098 | S70: 15B | T70: 189
A71: 70 | B71: 17B | C71: 2025017 | D71: B | E71: 343 | G71: 2025148 | H71: 392 | I71: 156 | K71: 274 | L71: =H71+I71 -> 548 | S71: 16A | T71: 977
A72: 71 | B72: 18A | C72: 2025018 | D72: A | E72: 2523 | G72: 2025149 | H72: 465 | I72: 1025 | K72: 745 | L72: =H72+I72 -> 1490 | S72: 16B | T72: 401
A73: 72 | B73: 18B | C73: 2025018 | D73: B | E73: 1219 | G73: 2025150 | H73: 931 | I73: 712 | K73: 821.5 | L73: =H73+I73 -> 1643 | S73: 17A | T73: 994
A74: 73 | B74: 19A | C74: 2025019 | D74: A | E74: 2695 | G74: 2025151 | H74: 510 | I74: 557 | K74: 533.5 | L74: =H74+I74 -> 1067 | S74: 17B | T74: 343
A75: 74 | B75: 19B | C75: 2025019 | D75: B | E75: 1160 | G75: (leeg) | L75: =H75+I75 -> 0 | S75: 18A | T75: 2523
A76: 75 | B76: 21A | C76: 2025021 | D76: A | E76: 933 | G76: 2025032 | H76: 0 | I76: 0 | K76: 0 | S76: 18B | T76: 1219
A77: 76 | B77: 21B | C77: 2025021 | D77: B | E77: 750 | G77: 2025033 | H77: 0 | I77: 0 | K77: 0 | S77: 19A | T77: 2695
A78: 77 | B78: 22A | C78: 2025022 | D78: A | E78: 85 | G78: 2025001 | H78: 0 | I78: 0 | K78: 0 | S78: 19B | T78: 1160
A79: 78 | B79: 22B | C79: 2025022 | D79: B | E79: 719 | G79: 2025002 | H79: 0 | I79: 0 | K79: 0 | S79: 21A | T79: 933
A80: 79 | B80: 23A | C80: 2025023 | D80: A | E80: 2790 | G80: 2025020 | H80: 0 | I80: 0 | K80: 0 | S80: 21B | T80: 750
A81: 80 | B81: 23B | C81: 2025023 | D81: B | E81: 888 | G81: 2025039 | H81: 0 | I81: 0 | K81: 0 | S81: 22A | T81: 85
A82: 81 | B82: 24A | C82: 2025024 | D82: A | E82: 2113 | G82: Eindtotaal | H82: 1209.2308 | I82: 744.80769 | K82: 977.01923 | S82: 22B | T82: 719
A83: 82 | B83: 24B | C83: 2025024 | D83: B | E83: 675 | S83: 23A | T83: 2790
A84: 83 | B84: 25A | C84: 2025025 | D84: A | E84: 2237 | S84: 23B | T84: 888
A85: 84 | B85: 25B | C85: 2025025 | D85: B | E85: 951 | S85: 24A | T85: 2113
A86: 85 | B86: 26A | C86: 2025026 | D86: A | E86: 0 | S86: 24B | T86: 675
A87: 86 | B87: 26B | C87: 2025026 | D87: B | E87: 0 | S87: 25A | T87: 2237
A88: 87 | B88: 27A | C88: 2025027 | D88: A | E88: 39 | S88: 25B | T88: 951
A89: 88 | B89: 27B | C89: 2025027 | D89: B | E89: 161 | S89: 26A | T89: empty
A90: 89 | B90: 28A | C90: 2025028 | D90: A | E90: 2715 | S90: 26B | T90: empty
A91: 90 | B91: 28B | C91: 2025028 | D91: B | E91: 1696 | S91: 27A | T91: 39
A92: 91 | B92: 29A | C92: 2025029 | D92: A | E92: 1294 | S92: 27B | T92: 161
A93: 92 | B93: 29B | C93: 2025029 | D93: B | E93: 454 | S93: 28A | T93: 2715
A94: 93 | B94: 30A | C94: 2025030 | D94: A | E94: 228 | S94: 28B | T94: 1696
A95: 94 | B95: 30B | C95: 2025030 | D95: B | E95: 191 | S95: 29A | T95: 1294
A96: 95 | B96: 31A | C96: 2025031 | D96: A | E96: 0 | S96: 29B | T96: 454
A97: 96 | B97: 31B | C97: 2025031 | D97: B | E97: 0 | S97: 30A | T97: 228
A98: 97 | B98: 34A | C98: 2025034 | D98: A | E98: 0 | S98: 30B | T98: 191
A99: 98 | B99: 34B | C99: 2025034 | D99: B | E99: 0 | S99: 31A | T99: empty
A100: 99 | B100: 35A | C100: 2025035 | D100: A | E100: 209 | S100: 31B | T100: empty
A101: 100 | B101: 35B | C101: 2025035 | D101: B | E101: 248 | S101: 34A | T101: empty
A102: 101 | B102: 36A | C102: 2025036 | D102: A | E102: 645 | S102: 34B | T102: empty
A103: 102 | B103: 36B | C103: 2025036 | D103: B | E103: 607 | S103: 35A | T103: 209
A104: 103 | B104: 37A | C104: 2025037 | D104: A | E104: 1871 | S104: 35B | T104: 248
A105: 104 | B105: 37B | C105: 2025037 | D105: B | E105: 1585 | S105: 36A | T105: 645
...
